command_id	command_category	command_note	command_description	latin keyboard layout	cyrillic keyboard layout
close_selfcontainedTag	html_tags	/>	types '/>' in the text editor 	{SLASH}+{PERIOD}	%{SHIFT}{SLASH}+{PERIOD}%{SHIFT}
close_tag_bracket	html_tags	>	types '>' in the text editor	+{PERIOD}	%{SHIFT}+{PERIOD}%{SHIFT}
open_tag_bracket	html_tags	<	types '<' in the text editor	+{COMMA}	%{SHIFT}+{COMMA}%{SHIFT}
specialTag_doctype	html_tags	<!DOCTYPEÂ html> 	types <!DOCTYPE html>	+{COMMA}+{1}+D+O+C+T+Y+P+E{SPACE}html+{PERIOD}{SPACE}	%{SHIFT}+{COMMA}+{1}+D+O+C+T+Y+P+E{SPACE}html+{PERIOD}{SPACE}%{SHIFT}
html_comment_begin	html_tags	<!--	starts a comment	+{COMMA}+{1}{MINUS}{MINUS}	%{SHIFT}+{COMMA}+{1}{MINUS}{MINUS}%{SHIFT}
html_comment_end	html_tags	-->	ends a comment	{MINUS}{MINUS}+{PERIOD}	%{SHIFT}{MINUS}{MINUS}+{PERIOD}%{SHIFT}
tag_a_begin	specific_html_tag	<a	Types the beginning of 'a' tag	+{COMMA}a	%{SHIFT}+{COMMA}a%{SHIFT}
tag_a_start	specific_html_tag	<a>	Types the start of 'a' tag	+{COMMA}a+{PERIOD}	%{SHIFT}+{COMMA}a+{PERIOD}%{SHIFT}
tag_a_close	specific_html_tag	</a>	Types the end of 'a' tag	+{COMMA}{SLASH}a+{PERIOD}	%{SHIFT}+{COMMA}{SLASH}a+{PERIOD}%{SHIFT}
tag_abbr_begin	specific_html_tag	<abbr	Types the beginning of 'abbr' tag	+{COMMA}abbr	%{SHIFT}+{COMMA}abbr%{SHIFT}
tag_abbr_start	specific_html_tag	<abbr>	Types the start of 'abbr' tag	+{COMMA}abbr+{PERIOD}	%{SHIFT}+{COMMA}abbr+{PERIOD}%{SHIFT}
tag_abbr_close	specific_html_tag	</abbr>	Types the end of 'abbr' tag	+{COMMA}{SLASH}abbr+{PERIOD}	%{SHIFT}+{COMMA}{SLASH}abbr+{PERIOD}%{SHIFT}
tag_address_begin	specific_html_tag	<address	Types the beginning of 'address' tag	+{COMMA}address	%{SHIFT}+{COMMA}address%{SHIFT}
tag_address_start	specific_html_tag	<address>	Types the start of 'address' tag	+{COMMA}address+{PERIOD}	%{SHIFT}+{COMMA}address+{PERIOD}%{SHIFT}
tag_address_close	specific_html_tag	</address>	Types the end of 'address' tag	+{COMMA}{SLASH}address+{PERIOD}	%{SHIFT}+{COMMA}{SLASH}address+{PERIOD}%{SHIFT}
voidTag_area_begin	specific_html_tag	<area	Types the beginning of 'area' tag	+{COMMA}area	%{SHIFT}+{COMMA}area%{SHIFT}
voidTag_area_def	specific_html_tag	<area/>	Types the whole 'area' tag	+{COMMA}area{SLASH}+{PERIOD}	%{SHIFT}+{COMMA}area{SLASH}+{PERIOD}%{SHIFT}
tag_article_begin	specific_html_tag	<article	Types the beginning of 'article' tag	+{COMMA}article	%{SHIFT}+{COMMA}article%{SHIFT}
tag_article_start	specific_html_tag	<article>	Types the start of 'article' tag	+{COMMA}article+{PERIOD}	%{SHIFT}+{COMMA}article+{PERIOD}%{SHIFT}
tag_article_close	specific_html_tag	</article>	Types the end of 'article' tag	+{COMMA}{SLASH}article+{PERIOD}	%{SHIFT}+{COMMA}{SLASH}article+{PERIOD}%{SHIFT}
tag_aside_begin	specific_html_tag	<aside	Types the beginning of 'aside' tag	+{COMMA}aside	%{SHIFT}+{COMMA}aside%{SHIFT}
tag_aside_start	specific_html_tag	<aside>	Types the start of 'aside' tag	+{COMMA}aside+{PERIOD}	%{SHIFT}+{COMMA}aside+{PERIOD}%{SHIFT}
tag_aside_close	specific_html_tag	</aside>	Types the end of 'aside' tag	+{COMMA}{SLASH}aside+{PERIOD}	%{SHIFT}+{COMMA}{SLASH}aside+{PERIOD}%{SHIFT}
tag_audio_begin	specific_html_tag	<audio	Types the beginning of 'audio' tag	+{COMMA}audio	%{SHIFT}+{COMMA}audio%{SHIFT}
tag_audio_start	specific_html_tag	<audio>	Types the start of 'audio' tag	+{COMMA}audio+{PERIOD}	%{SHIFT}+{COMMA}audio+{PERIOD}%{SHIFT}
tag_audio_close	specific_html_tag	</audio>	Types the end of 'audio' tag	+{COMMA}{SLASH}audio+{PERIOD}	%{SHIFT}+{COMMA}{SLASH}audio+{PERIOD}%{SHIFT}
tag_b_begin	specific_html_tag	<b	Types the beginning of 'b' tag	+{COMMA}b	%{SHIFT}+{COMMA}b%{SHIFT}
tag_b_start	specific_html_tag	<b>	Types the start of 'b' tag	+{COMMA}b+{PERIOD}	%{SHIFT}+{COMMA}b+{PERIOD}%{SHIFT}
tag_b_close	specific_html_tag	</b>	Types the end of 'b' tag	+{COMMA}{SLASH}b+{PERIOD}	%{SHIFT}+{COMMA}{SLASH}b+{PERIOD}%{SHIFT}
voidTag_base_begin	specific_html_tag	<base	Types the beginning of 'base' tag	+{COMMA}base	%{SHIFT}+{COMMA}base%{SHIFT}
voidTag_base_def	specific_html_tag	<base/>	Types the whole 'base' tag	+{COMMA}base{SLASH}+{PERIOD}	%{SHIFT}+{COMMA}base{SLASH}+{PERIOD}%{SHIFT}
tag_bdi_begin	specific_html_tag	<bdi	Types the beginning of 'bdi' tag	+{COMMA}bdi	%{SHIFT}+{COMMA}bdi%{SHIFT}
tag_bdi_start	specific_html_tag	<bdi>	Types the start of 'bdi' tag	+{COMMA}bdi+{PERIOD}	%{SHIFT}+{COMMA}bdi+{PERIOD}%{SHIFT}
tag_bdi_close	specific_html_tag	</bdi>	Types the end of 'bdi' tag	+{COMMA}{SLASH}bdi+{PERIOD}	%{SHIFT}+{COMMA}{SLASH}bdi+{PERIOD}%{SHIFT}
tag_bdo_begin	specific_html_tag	<bdo	Types the beginning of 'bdo' tag	+{COMMA}bdo	%{SHIFT}+{COMMA}bdo%{SHIFT}
tag_bdo_start	specific_html_tag	<bdo>	Types the start of 'bdo' tag	+{COMMA}bdo+{PERIOD}	%{SHIFT}+{COMMA}bdo+{PERIOD}%{SHIFT}
tag_bdo_close	specific_html_tag	</bdo>	Types the end of 'bdo' tag	+{COMMA}{SLASH}bdo+{PERIOD}	%{SHIFT}+{COMMA}{SLASH}bdo+{PERIOD}%{SHIFT}
tag_blockquote_begin	specific_html_tag	<blockquote	Types the beginning of 'blockquote' tag	+{COMMA}blockquote	%{SHIFT}+{COMMA}blockquote%{SHIFT}
tag_blockquote_start	specific_html_tag	<blockquote>	Types the start of 'blockquote' tag	+{COMMA}blockquote+{PERIOD}	%{SHIFT}+{COMMA}blockquote+{PERIOD}%{SHIFT}
tag_blockquote_close	specific_html_tag	</blockquote>	Types the end of 'blockquote' tag	+{COMMA}{SLASH}blockquote+{PERIOD}	%{SHIFT}+{COMMA}{SLASH}blockquote+{PERIOD}%{SHIFT}
tag_body_begin	specific_html_tag	<body	Types the beginning of 'body' tag	+{COMMA}body	%{SHIFT}+{COMMA}body%{SHIFT}
tag_body_start	specific_html_tag	<body>	Types the start of 'body' tag	+{COMMA}body+{PERIOD}	%{SHIFT}+{COMMA}body+{PERIOD}%{SHIFT}
tag_body_close	specific_html_tag	</body>	Types the end of 'body' tag	+{COMMA}{SLASH}body+{PERIOD}	%{SHIFT}+{COMMA}{SLASH}body+{PERIOD}%{SHIFT}
voidTag_br_def	specific_html_tag	<br/>	Types the whole 'br' tag	+{COMMA}br{SLASH}+{PERIOD}	%{SHIFT}+{COMMA}br{SLASH}+{PERIOD}%{SHIFT}
tag_button_begin	specific_html_tag	<button	Types the beginning of 'button' tag	+{COMMA}button	%{SHIFT}+{COMMA}button%{SHIFT}
tag_button_start	specific_html_tag	<button>	Types the start of 'button' tag	+{COMMA}button+{PERIOD}	%{SHIFT}+{COMMA}button+{PERIOD}%{SHIFT}
tag_button_close	specific_html_tag	</button>	Types the end of 'button' tag	+{COMMA}{SLASH}button+{PERIOD}	%{SHIFT}+{COMMA}{SLASH}button+{PERIOD}%{SHIFT}
tag_canvas_begin	specific_html_tag	<canvas	Types the beginning of 'canvas' tag	+{COMMA}canvas	%{SHIFT}+{COMMA}canvas%{SHIFT}
tag_canvas_start	specific_html_tag	<canvas>	Types the start of 'canvas' tag	+{COMMA}canvas+{PERIOD}	%{SHIFT}+{COMMA}canvas+{PERIOD}%{SHIFT}
tag_canvas_close	specific_html_tag	</canvas>	Types the end of 'canvas' tag	+{COMMA}{SLASH}canvas+{PERIOD}	%{SHIFT}+{COMMA}{SLASH}canvas+{PERIOD}%{SHIFT}
tag_caption_begin	specific_html_tag	<caption	Types the beginning of 'caption' tag	+{COMMA}caption	%{SHIFT}+{COMMA}caption%{SHIFT}
tag_caption_start	specific_html_tag	<caption>	Types the start of 'caption' tag	+{COMMA}caption+{PERIOD}	%{SHIFT}+{COMMA}caption+{PERIOD}%{SHIFT}
tag_caption_close	specific_html_tag	</caption>	Types the end of 'caption' tag	+{COMMA}{SLASH}caption+{PERIOD}	%{SHIFT}+{COMMA}{SLASH}caption+{PERIOD}%{SHIFT}
tag_cite_begin	specific_html_tag	<cite	Types the beginning of 'cite' tag	+{COMMA}cite	%{SHIFT}+{COMMA}cite%{SHIFT}
tag_cite_start	specific_html_tag	<cite>	Types the start of 'cite' tag	+{COMMA}cite+{PERIOD}	%{SHIFT}+{COMMA}cite+{PERIOD}%{SHIFT}
tag_cite_close	specific_html_tag	</cite>	Types the end of 'cite' tag	+{COMMA}{SLASH}cite+{PERIOD}	%{SHIFT}+{COMMA}{SLASH}cite+{PERIOD}%{SHIFT}
tag_code_begin	specific_html_tag	<code	Types the beginning of 'code' tag	+{COMMA}code	%{SHIFT}+{COMMA}code%{SHIFT}
tag_code_start	specific_html_tag	<code>	Types the start of 'code' tag	+{COMMA}code+{PERIOD}	%{SHIFT}+{COMMA}code+{PERIOD}%{SHIFT}
tag_code_close	specific_html_tag	</code>	Types the end of 'code' tag	+{COMMA}{SLASH}code+{PERIOD}	%{SHIFT}+{COMMA}{SLASH}code+{PERIOD}%{SHIFT}
voidTag_col_begin	specific_html_tag	<col	Types the beginning of 'col' tag	+{COMMA}col	%{SHIFT}+{COMMA}col%{SHIFT}
voidTag_col_def	specific_html_tag	<col/>	Types the whole 'col' tag	+{COMMA}col{SLASH}+{PERIOD}	%{SHIFT}+{COMMA}col{SLASH}+{PERIOD}%{SHIFT}
tag_colgroup_begin	specific_html_tag	<colgroup	Types the beginning of 'colgroup' tag	+{COMMA}colgroup	%{SHIFT}+{COMMA}colgroup%{SHIFT}
tag_colgroup_start	specific_html_tag	<colgroup>	Types the start of 'colgroup' tag	+{COMMA}colgroup+{PERIOD}	%{SHIFT}+{COMMA}colgroup+{PERIOD}%{SHIFT}
tag_colgroup_close	specific_html_tag	</colgroup>	Types the end of 'colgroup' tag	+{COMMA}{SLASH}colgroup+{PERIOD}	%{SHIFT}+{COMMA}{SLASH}colgroup+{PERIOD}%{SHIFT}
tag_datalist_begin	specific_html_tag	<datalist	Types the beginning of 'datalist' tag	+{COMMA}datalist	%{SHIFT}+{COMMA}datalist%{SHIFT}
tag_datalist_start	specific_html_tag	<datalist>	Types the start of 'datalist' tag	+{COMMA}datalist+{PERIOD}	%{SHIFT}+{COMMA}datalist+{PERIOD}%{SHIFT}
tag_datalist_close	specific_html_tag	</datalist>	Types the end of 'datalist' tag	+{COMMA}{SLASH}datalist+{PERIOD}	%{SHIFT}+{COMMA}{SLASH}datalist+{PERIOD}%{SHIFT}
tag_dd_begin	specific_html_tag	<dd	Types the beginning of 'dd' tag	+{COMMA}dd	%{SHIFT}+{COMMA}dd%{SHIFT}
tag_dd_start	specific_html_tag	<dd>	Types the start of 'dd' tag	+{COMMA}dd+{PERIOD}	%{SHIFT}+{COMMA}dd+{PERIOD}%{SHIFT}
tag_dd_close	specific_html_tag	</dd>	Types the end of 'dd' tag	+{COMMA}{SLASH}dd+{PERIOD}	%{SHIFT}+{COMMA}{SLASH}dd+{PERIOD}%{SHIFT}
tag_del_begin	specific_html_tag	<del	Types the beginning of 'del' tag	+{COMMA}del	%{SHIFT}+{COMMA}del%{SHIFT}
tag_del_start	specific_html_tag	<del>	Types the start of 'del' tag	+{COMMA}del+{PERIOD}	%{SHIFT}+{COMMA}del+{PERIOD}%{SHIFT}
tag_del_close	specific_html_tag	</del>	Types the end of 'del' tag	+{COMMA}{SLASH}del+{PERIOD}	%{SHIFT}+{COMMA}{SLASH}del+{PERIOD}%{SHIFT}
tag_details_begin	specific_html_tag	<details	Types the beginning of 'details' tag	+{COMMA}details	%{SHIFT}+{COMMA}details%{SHIFT}
tag_details_start	specific_html_tag	<details>	Types the start of 'details' tag	+{COMMA}details+{PERIOD}	%{SHIFT}+{COMMA}details+{PERIOD}%{SHIFT}
tag_details_close	specific_html_tag	</details>	Types the end of 'details' tag	+{COMMA}{SLASH}details+{PERIOD}	%{SHIFT}+{COMMA}{SLASH}details+{PERIOD}%{SHIFT}
tag_dfn_begin	specific_html_tag	<dfn	Types the beginning of 'dfn' tag	+{COMMA}dfn	%{SHIFT}+{COMMA}dfn%{SHIFT}
tag_dfn_start	specific_html_tag	<dfn>	Types the start of 'dfn' tag	+{COMMA}dfn+{PERIOD}	%{SHIFT}+{COMMA}dfn+{PERIOD}%{SHIFT}
tag_dfn_close	specific_html_tag	</dfn>	Types the end of 'dfn' tag	+{COMMA}{SLASH}dfn+{PERIOD}	%{SHIFT}+{COMMA}{SLASH}dfn+{PERIOD}%{SHIFT}
tag_dialog_begin	specific_html_tag	<dialog	Types the beginning of 'dialog' tag	+{COMMA}dialog	%{SHIFT}+{COMMA}dialog%{SHIFT}
tag_dialog_start	specific_html_tag	<dialog>	Types the start of 'dialog' tag	+{COMMA}dialog+{PERIOD}	%{SHIFT}+{COMMA}dialog+{PERIOD}%{SHIFT}
tag_dialog_close	specific_html_tag	</dialog>	Types the end of 'dialog' tag	+{COMMA}{SLASH}dialog+{PERIOD}	%{SHIFT}+{COMMA}{SLASH}dialog+{PERIOD}%{SHIFT}
tag_div_begin	specific_html_tag	<div	Types the beginning of 'div' tag	+{COMMA}div	%{SHIFT}+{COMMA}div%{SHIFT}
tag_div_start	specific_html_tag	<div>	Types the start of 'div' tag	+{COMMA}div+{PERIOD}	%{SHIFT}+{COMMA}div+{PERIOD}%{SHIFT}
tag_div_close	specific_html_tag	</div>	Types the end of 'div' tag	+{COMMA}{SLASH}div+{PERIOD}	%{SHIFT}+{COMMA}{SLASH}div+{PERIOD}%{SHIFT}
tag_dl_begin	specific_html_tag	<dl	Types the beginning of 'dl' tag	+{COMMA}dl	%{SHIFT}+{COMMA}dl%{SHIFT}
tag_dl_start	specific_html_tag	<dl>	Types the start of 'dl' tag	+{COMMA}dl+{PERIOD}	%{SHIFT}+{COMMA}dl+{PERIOD}%{SHIFT}
tag_dl_close	specific_html_tag	</dl>	Types the end of 'dl' tag	+{COMMA}{SLASH}dl+{PERIOD}	%{SHIFT}+{COMMA}{SLASH}dl+{PERIOD}%{SHIFT}
tag_dt_begin	specific_html_tag	<dt	Types the beginning of 'dt' tag	+{COMMA}dt	%{SHIFT}+{COMMA}dt%{SHIFT}
tag_dt_start	specific_html_tag	<dt>	Types the start of 'dt' tag	+{COMMA}dt+{PERIOD}	%{SHIFT}+{COMMA}dt+{PERIOD}%{SHIFT}
tag_dt_close	specific_html_tag	</dt>	Types the end of 'dt' tag	+{COMMA}{SLASH}dt+{PERIOD}	%{SHIFT}+{COMMA}{SLASH}dt+{PERIOD}%{SHIFT}
tag_em_begin	specific_html_tag	<em	Types the beginning of 'em' tag	+{COMMA}em	%{SHIFT}+{COMMA}em%{SHIFT}
tag_em_start	specific_html_tag	<em>	Types the start of 'em' tag	+{COMMA}em+{PERIOD}	%{SHIFT}+{COMMA}em+{PERIOD}%{SHIFT}
tag_em_close	specific_html_tag	</em>	Types the end of 'em' tag	+{COMMA}{SLASH}em+{PERIOD}	%{SHIFT}+{COMMA}{SLASH}em+{PERIOD}%{SHIFT}
tag_embed_begin	specific_html_tag	<embed	Types the beginning of 'embed' tag	+{COMMA}embed	%{SHIFT}+{COMMA}embed%{SHIFT}
tag_embed_start	specific_html_tag	<embed>	Types the start of 'embed' tag	+{COMMA}embed+{PERIOD}	%{SHIFT}+{COMMA}embed+{PERIOD}%{SHIFT}
tag_embed_close	specific_html_tag	</embed>	Types the end of 'embed' tag	+{COMMA}{SLASH}embed+{PERIOD}	%{SHIFT}+{COMMA}{SLASH}embed+{PERIOD}%{SHIFT}
tag_fieldset_begin	specific_html_tag	<fieldset	Types the beginning of 'fieldset' tag	+{COMMA}fieldset	%{SHIFT}+{COMMA}fieldset%{SHIFT}
tag_fieldset_start	specific_html_tag	<fieldset>	Types the start of 'fieldset' tag	+{COMMA}fieldset+{PERIOD}	%{SHIFT}+{COMMA}fieldset+{PERIOD}%{SHIFT}
tag_fieldset_close	specific_html_tag	</fieldset>	Types the end of 'fieldset' tag	+{COMMA}{SLASH}fieldset+{PERIOD}	%{SHIFT}+{COMMA}{SLASH}fieldset+{PERIOD}%{SHIFT}
tag_figcaption_begin	specific_html_tag	<figcaption	Types the beginning of 'figcaption' tag	+{COMMA}figcaption	%{SHIFT}+{COMMA}figcaption%{SHIFT}
tag_figcaption_start	specific_html_tag	<figcaption>	Types the start of 'figcaption' tag	+{COMMA}figcaption+{PERIOD}	%{SHIFT}+{COMMA}figcaption+{PERIOD}%{SHIFT}
tag_figcaption_close	specific_html_tag	</figcaption>	Types the end of 'figcaption' tag	+{COMMA}{SLASH}figcaption+{PERIOD}	%{SHIFT}+{COMMA}{SLASH}figcaption+{PERIOD}%{SHIFT}
tag_figure_begin	specific_html_tag	<figure	Types the beginning of 'figure' tag	+{COMMA}figure	%{SHIFT}+{COMMA}figure%{SHIFT}
tag_figure_start	specific_html_tag	<figure>	Types the start of 'figure' tag	+{COMMA}figure+{PERIOD}	%{SHIFT}+{COMMA}figure+{PERIOD}%{SHIFT}
tag_figure_close	specific_html_tag	</figure>	Types the end of 'figure' tag	+{COMMA}{SLASH}figure+{PERIOD}	%{SHIFT}+{COMMA}{SLASH}figure+{PERIOD}%{SHIFT}
tag_footer_begin	specific_html_tag	<footer	Types the beginning of 'footer' tag	+{COMMA}footer	%{SHIFT}+{COMMA}footer%{SHIFT}
tag_footer_start	specific_html_tag	<footer>	Types the start of 'footer' tag	+{COMMA}footer+{PERIOD}	%{SHIFT}+{COMMA}footer+{PERIOD}%{SHIFT}
tag_footer_close	specific_html_tag	</footer>	Types the end of 'footer' tag	+{COMMA}{SLASH}footer+{PERIOD}	%{SHIFT}+{COMMA}{SLASH}footer+{PERIOD}%{SHIFT}
tag_form_begin	specific_html_tag	<form	Types the beginning of 'form' tag	+{COMMA}form	%{SHIFT}+{COMMA}form%{SHIFT}
tag_form_start	specific_html_tag	<form>	Types the start of 'form' tag	+{COMMA}form+{PERIOD}	%{SHIFT}+{COMMA}form+{PERIOD}%{SHIFT}
tag_form_close	specific_html_tag	</form>	Types the end of 'form' tag	+{COMMA}{SLASH}form+{PERIOD}	%{SHIFT}+{COMMA}{SLASH}form+{PERIOD}%{SHIFT}
tag_h1_begin	specific_html_tag	<h1	Types the beginning of 'h1' tag	+{COMMA}h1	%{SHIFT}+{COMMA}h1%{SHIFT}
tag_h1_start	specific_html_tag	<h1>	Types the start of 'h1' tag	+{COMMA}h1+{PERIOD}	%{SHIFT}+{COMMA}h1+{PERIOD}%{SHIFT}
tag_h1_close	specific_html_tag	</h1>	Types the end of 'h1' tag	+{COMMA}{SLASH}h1+{PERIOD}	%{SHIFT}+{COMMA}{SLASH}h1+{PERIOD}%{SHIFT}
tag_h2_begin	specific_html_tag	<h2	Types the beginning of 'h2' tag	+{COMMA}h2	%{SHIFT}+{COMMA}h2%{SHIFT}
tag_h2_start	specific_html_tag	<h2>	Types the start of 'h2' tag	+{COMMA}h2+{PERIOD}	%{SHIFT}+{COMMA}h2+{PERIOD}%{SHIFT}
tag_h2_close	specific_html_tag	</h2>	Types the end of 'h2' tag	+{COMMA}{SLASH}h2+{PERIOD}	%{SHIFT}+{COMMA}{SLASH}h2+{PERIOD}%{SHIFT}
tag_h3_begin	specific_html_tag	<h3	Types the beginning of 'h3' tag	+{COMMA}h3	%{SHIFT}+{COMMA}h3%{SHIFT}
tag_h3_start	specific_html_tag	<h3>	Types the start of 'h3' tag	+{COMMA}h3+{PERIOD}	%{SHIFT}+{COMMA}h3+{PERIOD}%{SHIFT}
tag_h3_close	specific_html_tag	</h3>	Types the end of 'h3' tag	+{COMMA}{SLASH}h3+{PERIOD}	%{SHIFT}+{COMMA}{SLASH}h3+{PERIOD}%{SHIFT}
tag_h4_begin	specific_html_tag	<h4	Types the beginning of 'h4' tag	+{COMMA}h4	%{SHIFT}+{COMMA}h4%{SHIFT}
tag_h4_start	specific_html_tag	<h4>	Types the start of 'h4' tag	+{COMMA}h4+{PERIOD}	%{SHIFT}+{COMMA}h4+{PERIOD}%{SHIFT}
tag_h4_close	specific_html_tag	</h4>	Types the end of 'h4' tag	+{COMMA}{SLASH}h4+{PERIOD}	%{SHIFT}+{COMMA}{SLASH}h4+{PERIOD}%{SHIFT}
tag_h5_begin	specific_html_tag	<h5	Types the beginning of 'h5' tag	+{COMMA}h5	%{SHIFT}+{COMMA}h5%{SHIFT}
tag_h5_start	specific_html_tag	<h5>	Types the start of 'h5' tag	+{COMMA}h5+{PERIOD}	%{SHIFT}+{COMMA}h5+{PERIOD}%{SHIFT}
tag_h5_close	specific_html_tag	</h5>	Types the end of 'h5' tag	+{COMMA}{SLASH}h5+{PERIOD}	%{SHIFT}+{COMMA}{SLASH}h5+{PERIOD}%{SHIFT}
tag_h6_begin	specific_html_tag	<h6	Types the beginning of 'h6' tag	+{COMMA}h6	%{SHIFT}+{COMMA}h6%{SHIFT}
tag_h6_start	specific_html_tag	<h6>	Types the start of 'h6' tag	+{COMMA}h6+{PERIOD}	%{SHIFT}+{COMMA}h6+{PERIOD}%{SHIFT}
tag_h6_close	specific_html_tag	</h6>	Types the end of 'h6' tag	+{COMMA}{SLASH}h6+{PERIOD}	%{SHIFT}+{COMMA}{SLASH}h6+{PERIOD}%{SHIFT}
tag_head_begin	specific_html_tag	<head	Types the beginning of 'head' tag	+{COMMA}head	%{SHIFT}+{COMMA}head%{SHIFT}
tag_head_start	specific_html_tag	<head>	Types the start of 'head' tag	+{COMMA}head+{PERIOD}	%{SHIFT}+{COMMA}head+{PERIOD}%{SHIFT}
tag_head_close	specific_html_tag	</head>	Types the end of 'head' tag	+{COMMA}{SLASH}head+{PERIOD}	%{SHIFT}+{COMMA}{SLASH}head+{PERIOD}%{SHIFT}
tag_header_begin	specific_html_tag	<header	Types the beginning of 'header' tag	+{COMMA}header	%{SHIFT}+{COMMA}header%{SHIFT}
tag_header_start	specific_html_tag	<header>	Types the start of 'header' tag	+{COMMA}header+{PERIOD}	%{SHIFT}+{COMMA}header+{PERIOD}%{SHIFT}
tag_header_close	specific_html_tag	</header>	Types the end of 'header' tag	+{COMMA}{SLASH}header+{PERIOD}	%{SHIFT}+{COMMA}{SLASH}header+{PERIOD}%{SHIFT}
voidTag_hr_begin	specific_html_tag	<hr	Types the beginning of 'hr' tag	+{COMMA}hr	%{SHIFT}+{COMMA}hr%{SHIFT}
voidTag_hr_def	specific_html_tag	<hr/>	Types the whole 'hr' tag	+{COMMA}hr{SLASH}+{PERIOD}	%{SHIFT}+{COMMA}hr{SLASH}+{PERIOD}%{SHIFT}
tag_html_begin	specific_html_tag	<html	Types the beginning of 'html' tag	+{COMMA}html	%{SHIFT}+{COMMA}html%{SHIFT}
tag_html_start	specific_html_tag	<html>	Types the start of 'html' tag	+{COMMA}html+{PERIOD}	%{SHIFT}+{COMMA}html+{PERIOD}%{SHIFT}
tag_html_close	specific_html_tag	</html>	Types the end of 'html' tag	+{COMMA}{SLASH}html+{PERIOD}	%{SHIFT}+{COMMA}{SLASH}html+{PERIOD}%{SHIFT}
tag_i_begin	specific_html_tag	<i	Types the beginning of 'i' tag	+{COMMA}i	%{SHIFT}+{COMMA}i%{SHIFT}
tag_i_start	specific_html_tag	<i>	Types the start of 'i' tag	+{COMMA}i+{PERIOD}	%{SHIFT}+{COMMA}i+{PERIOD}%{SHIFT}
tag_i_close	specific_html_tag	</i>	Types the end of 'i' tag	+{COMMA}{SLASH}i+{PERIOD}	%{SHIFT}+{COMMA}{SLASH}i+{PERIOD}%{SHIFT}
tag_iframe_begin	specific_html_tag	<iframe	Types the beginning of 'iframe' tag	+{COMMA}iframe	%{SHIFT}+{COMMA}iframe%{SHIFT}
tag_iframe_start	specific_html_tag	<iframe>	Types the start of 'iframe' tag	+{COMMA}iframe+{PERIOD}	%{SHIFT}+{COMMA}iframe+{PERIOD}%{SHIFT}
tag_iframe_close	specific_html_tag	</iframe>	Types the end of 'iframe' tag	+{COMMA}{SLASH}iframe+{PERIOD}	%{SHIFT}+{COMMA}{SLASH}iframe+{PERIOD}%{SHIFT}
voidTag_img_begin	specific_html_tag	<img	Types the beginning of 'img' tag	+{COMMA}img	%{SHIFT}+{COMMA}img%{SHIFT}
voidTag_img_def	specific_html_tag	<img/>	Types the whole 'img' tag	+{COMMA}img{SLASH}+{PERIOD}	%{SHIFT}+{COMMA}img{SLASH}+{PERIOD}%{SHIFT}
voidTag_input_begin	specific_html_tag	<input	Types the beginning of 'input' tag	+{COMMA}input	%{SHIFT}+{COMMA}input%{SHIFT}
voidTag_input_def	specific_html_tag	<input/>	Types the whole 'input' tag	+{COMMA}input{SLASH}+{PERIOD}	%{SHIFT}+{COMMA}input{SLASH}+{PERIOD}%{SHIFT}
tag_ins_begin	specific_html_tag	<ins	Types the beginning of 'ins' tag	+{COMMA}ins	%{SHIFT}+{COMMA}ins%{SHIFT}
tag_ins_start	specific_html_tag	<ins>	Types the start of 'ins' tag	+{COMMA}ins+{PERIOD}	%{SHIFT}+{COMMA}ins+{PERIOD}%{SHIFT}
tag_ins_close	specific_html_tag	</ins>	Types the end of 'ins' tag	+{COMMA}{SLASH}ins+{PERIOD}	%{SHIFT}+{COMMA}{SLASH}ins+{PERIOD}%{SHIFT}
tag_kbd_begin	specific_html_tag	<kbd	Types the beginning of 'kbd' tag	+{COMMA}kbd	%{SHIFT}+{COMMA}kbd%{SHIFT}
tag_kbd_start	specific_html_tag	<kbd>	Types the start of 'kbd' tag	+{COMMA}kbd+{PERIOD}	%{SHIFT}+{COMMA}kbd+{PERIOD}%{SHIFT}
tag_kbd_close	specific_html_tag	</kbd>	Types the end of 'kbd' tag	+{COMMA}{SLASH}kbd+{PERIOD}	%{SHIFT}+{COMMA}{SLASH}kbd+{PERIOD}%{SHIFT}
voidTag_keygen_begin	specific_html_tag	<keygen	Types the beginning of 'keygen' tag	+{COMMA}keygen	%{SHIFT}+{COMMA}keygen%{SHIFT}
voidTag_keygen_def	specific_html_tag	<keygen/>	Types the whole 'keygen' tag	+{COMMA}keygen{SLASH}+{PERIOD}	%{SHIFT}+{COMMA}keygen{SLASH}+{PERIOD}%{SHIFT}
tag_label_begin	specific_html_tag	<label	Types the beginning of 'label' tag	+{COMMA}label	%{SHIFT}+{COMMA}label%{SHIFT}
tag_label_start	specific_html_tag	<label>	Types the start of 'label' tag	+{COMMA}label+{PERIOD}	%{SHIFT}+{COMMA}label+{PERIOD}%{SHIFT}
tag_label_close	specific_html_tag	</label>	Types the end of 'label' tag	+{COMMA}{SLASH}label+{PERIOD}	%{SHIFT}+{COMMA}{SLASH}label+{PERIOD}%{SHIFT}
tag_legend_begin	specific_html_tag	<legend	Types the beginning of 'legend' tag	+{COMMA}legend	%{SHIFT}+{COMMA}legend%{SHIFT}
tag_legend_start	specific_html_tag	<legend>	Types the start of 'legend' tag	+{COMMA}legend+{PERIOD}	%{SHIFT}+{COMMA}legend+{PERIOD}%{SHIFT}
tag_legend_close	specific_html_tag	</legend>	Types the end of 'legend' tag	+{COMMA}{SLASH}legend+{PERIOD}	%{SHIFT}+{COMMA}{SLASH}legend+{PERIOD}%{SHIFT}
tag_li_begin	specific_html_tag	<li	Types the beginning of 'li' tag	+{COMMA}li	%{SHIFT}+{COMMA}li%{SHIFT}
tag_li_start	specific_html_tag	<li>	Types the start of 'li' tag	+{COMMA}li+{PERIOD}	%{SHIFT}+{COMMA}li+{PERIOD}%{SHIFT}
tag_li_close	specific_html_tag	</li>	Types the end of 'li' tag	+{COMMA}{SLASH}li+{PERIOD}	%{SHIFT}+{COMMA}{SLASH}li+{PERIOD}%{SHIFT}
voidTag_link_begin	specific_html_tag	<link	Types the beginning of 'link' tag	+{COMMA}link	%{SHIFT}+{COMMA}link%{SHIFT}
voidTag_link_def	specific_html_tag	<link/>	Types the whole 'link' tag	+{COMMA}link{SLASH}+{PERIOD}	%{SHIFT}+{COMMA}link{SLASH}+{PERIOD}%{SHIFT}
tag_main_begin	specific_html_tag	<main	Types the beginning of 'main' tag	+{COMMA}main	%{SHIFT}+{COMMA}main%{SHIFT}
tag_main_start	specific_html_tag	<main>	Types the start of 'main' tag	+{COMMA}main+{PERIOD}	%{SHIFT}+{COMMA}main+{PERIOD}%{SHIFT}
tag_main_close	specific_html_tag	</main>	Types the end of 'main' tag	+{COMMA}{SLASH}main+{PERIOD}	%{SHIFT}+{COMMA}{SLASH}main+{PERIOD}%{SHIFT}
tag_map_begin	specific_html_tag	<map	Types the beginning of 'map' tag	+{COMMA}map	%{SHIFT}+{COMMA}map%{SHIFT}
tag_map_start	specific_html_tag	<map>	Types the start of 'map' tag	+{COMMA}map+{PERIOD}	%{SHIFT}+{COMMA}map+{PERIOD}%{SHIFT}
tag_map_close	specific_html_tag	</map>	Types the end of 'map' tag	+{COMMA}{SLASH}map+{PERIOD}	%{SHIFT}+{COMMA}{SLASH}map+{PERIOD}%{SHIFT}
tag_mark_begin	specific_html_tag	<mark	Types the beginning of 'mark' tag	+{COMMA}mark	%{SHIFT}+{COMMA}mark%{SHIFT}
tag_mark_start	specific_html_tag	<mark>	Types the start of 'mark' tag	+{COMMA}mark+{PERIOD}	%{SHIFT}+{COMMA}mark+{PERIOD}%{SHIFT}
tag_mark_close	specific_html_tag	</mark>	Types the end of 'mark' tag	+{COMMA}{SLASH}mark+{PERIOD}	%{SHIFT}+{COMMA}{SLASH}mark+{PERIOD}%{SHIFT}
tag_menu_begin	specific_html_tag	<menu	Types the beginning of 'menu' tag	+{COMMA}menu	%{SHIFT}+{COMMA}menu%{SHIFT}
tag_menu_start	specific_html_tag	<menu>	Types the start of 'menu' tag	+{COMMA}menu+{PERIOD}	%{SHIFT}+{COMMA}menu+{PERIOD}%{SHIFT}
tag_menu_close	specific_html_tag	</menu>	Types the end of 'menu' tag	+{COMMA}{SLASH}menu+{PERIOD}	%{SHIFT}+{COMMA}{SLASH}menu+{PERIOD}%{SHIFT}
tag_menuitem_begin	specific_html_tag	<menuitem	Types the beginning of 'menuitem' tag	+{COMMA}menuitem	%{SHIFT}+{COMMA}menuitem%{SHIFT}
tag_menuitem_start	specific_html_tag	<menuitem>	Types the start of 'menuitem' tag	+{COMMA}menuitem+{PERIOD}	%{SHIFT}+{COMMA}menuitem+{PERIOD}%{SHIFT}
tag_menuitem_close	specific_html_tag	</menuitem>	Types the end of 'menuitem' tag	+{COMMA}{SLASH}menuitem+{PERIOD}	%{SHIFT}+{COMMA}{SLASH}menuitem+{PERIOD}%{SHIFT}
voidTag_meta_begin	specific_html_tag	<meta	Types the beginning of 'meta' tag	+{COMMA}meta	%{SHIFT}+{COMMA}meta%{SHIFT}
voidTag_meta_def	specific_html_tag	<meta/>	Types the whole 'meta' tag	+{COMMA}meta{SLASH}+{PERIOD}	%{SHIFT}+{COMMA}meta{SLASH}+{PERIOD}%{SHIFT}
tag_meter_begin	specific_html_tag	<meter	Types the beginning of 'meter' tag	+{COMMA}meter	%{SHIFT}+{COMMA}meter%{SHIFT}
tag_meter_start	specific_html_tag	<meter>	Types the start of 'meter' tag	+{COMMA}meter+{PERIOD}	%{SHIFT}+{COMMA}meter+{PERIOD}%{SHIFT}
tag_meter_close	specific_html_tag	</meter>	Types the end of 'meter' tag	+{COMMA}{SLASH}meter+{PERIOD}	%{SHIFT}+{COMMA}{SLASH}meter+{PERIOD}%{SHIFT}
tag_nav_begin	specific_html_tag	<nav	Types the beginning of 'nav' tag	+{COMMA}nav	%{SHIFT}+{COMMA}nav%{SHIFT}
tag_nav_start	specific_html_tag	<nav>	Types the start of 'nav' tag	+{COMMA}nav+{PERIOD}	%{SHIFT}+{COMMA}nav+{PERIOD}%{SHIFT}
tag_nav_close	specific_html_tag	</nav>	Types the end of 'nav' tag	+{COMMA}{SLASH}nav+{PERIOD}	%{SHIFT}+{COMMA}{SLASH}nav+{PERIOD}%{SHIFT}
tag_noscript_begin	specific_html_tag	<noscript	Types the beginning of 'noscript' tag	+{COMMA}noscript	%{SHIFT}+{COMMA}noscript%{SHIFT}
tag_noscript_start	specific_html_tag	<noscript>	Types the start of 'noscript' tag	+{COMMA}noscript+{PERIOD}	%{SHIFT}+{COMMA}noscript+{PERIOD}%{SHIFT}
tag_noscript_close	specific_html_tag	</noscript>	Types the end of 'noscript' tag	+{COMMA}{SLASH}noscript+{PERIOD}	%{SHIFT}+{COMMA}{SLASH}noscript+{PERIOD}%{SHIFT}
tag_object_begin	specific_html_tag	<object	Types the beginning of 'object' tag	+{COMMA}object	%{SHIFT}+{COMMA}object%{SHIFT}
tag_object_start	specific_html_tag	<object>	Types the start of 'object' tag	+{COMMA}object+{PERIOD}	%{SHIFT}+{COMMA}object+{PERIOD}%{SHIFT}
tag_object_close	specific_html_tag	</object>	Types the end of 'object' tag	+{COMMA}{SLASH}object+{PERIOD}	%{SHIFT}+{COMMA}{SLASH}object+{PERIOD}%{SHIFT}
tag_ol_begin	specific_html_tag	<ol	Types the beginning of 'ol' tag	+{COMMA}ol	%{SHIFT}+{COMMA}ol%{SHIFT}
tag_ol_start	specific_html_tag	<ol>	Types the start of 'ol' tag	+{COMMA}ol+{PERIOD}	%{SHIFT}+{COMMA}ol+{PERIOD}%{SHIFT}
tag_ol_close	specific_html_tag	</ol>	Types the end of 'ol' tag	+{COMMA}{SLASH}ol+{PERIOD}	%{SHIFT}+{COMMA}{SLASH}ol+{PERIOD}%{SHIFT}
tag_optgroup_begin	specific_html_tag	<optgroup	Types the beginning of 'optgroup' tag	+{COMMA}optgroup	%{SHIFT}+{COMMA}optgroup%{SHIFT}
tag_optgroup_start	specific_html_tag	<optgroup>	Types the start of 'optgroup' tag	+{COMMA}optgroup+{PERIOD}	%{SHIFT}+{COMMA}optgroup+{PERIOD}%{SHIFT}
tag_optgroup_close	specific_html_tag	</optgroup>	Types the end of 'optgroup' tag	+{COMMA}{SLASH}optgroup+{PERIOD}	%{SHIFT}+{COMMA}{SLASH}optgroup+{PERIOD}%{SHIFT}
tag_option_begin	specific_html_tag	<option	Types the beginning of 'option' tag	+{COMMA}option	%{SHIFT}+{COMMA}option%{SHIFT}
tag_option_start	specific_html_tag	<option>	Types the start of 'option' tag	+{COMMA}option+{PERIOD}	%{SHIFT}+{COMMA}option+{PERIOD}%{SHIFT}
tag_option_close	specific_html_tag	</option>	Types the end of 'option' tag	+{COMMA}{SLASH}option+{PERIOD}	%{SHIFT}+{COMMA}{SLASH}option+{PERIOD}%{SHIFT}
tag_output_begin	specific_html_tag	<output	Types the beginning of 'output' tag	+{COMMA}output	%{SHIFT}+{COMMA}output%{SHIFT}
tag_output_start	specific_html_tag	<output>	Types the start of 'output' tag	+{COMMA}output+{PERIOD}	%{SHIFT}+{COMMA}output+{PERIOD}%{SHIFT}
tag_output_close	specific_html_tag	</output>	Types the end of 'output' tag	+{COMMA}{SLASH}output+{PERIOD}	%{SHIFT}+{COMMA}{SLASH}output+{PERIOD}%{SHIFT}
tag_p_begin	specific_html_tag	<p	Types the beginning of 'p' tag	+{COMMA}p	%{SHIFT}+{COMMA}p%{SHIFT}
tag_p_start	specific_html_tag	<p>	Types the start of 'p' tag	+{COMMA}p+{PERIOD}	%{SHIFT}+{COMMA}p+{PERIOD}%{SHIFT}
tag_p_close	specific_html_tag	</p>	Types the end of 'p' tag	+{COMMA}{SLASH}p+{PERIOD}	%{SHIFT}+{COMMA}{SLASH}p+{PERIOD}%{SHIFT}
voidTag_param_begin	specific_html_tag	<param	Types the beginning of 'param' tag	+{COMMA}param	%{SHIFT}+{COMMA}param%{SHIFT}
voidTag_param_def	specific_html_tag	<param/>	Types the whole 'param' tag	+{COMMA}param{SLASH}+{PERIOD}	%{SHIFT}+{COMMA}param{SLASH}+{PERIOD}%{SHIFT}
tag_pre_begin	specific_html_tag	<pre	Types the beginning of 'pre' tag	+{COMMA}pre	%{SHIFT}+{COMMA}pre%{SHIFT}
tag_pre_start	specific_html_tag	<pre>	Types the start of 'pre' tag	+{COMMA}pre+{PERIOD}	%{SHIFT}+{COMMA}pre+{PERIOD}%{SHIFT}
tag_pre_close	specific_html_tag	</pre>	Types the end of 'pre' tag	+{COMMA}{SLASH}pre+{PERIOD}	%{SHIFT}+{COMMA}{SLASH}pre+{PERIOD}%{SHIFT}
tag_progress_begin	specific_html_tag	<progress	Types the beginning of 'progress' tag	+{COMMA}progress	%{SHIFT}+{COMMA}progress%{SHIFT}
tag_progress_start	specific_html_tag	<progress>	Types the start of 'progress' tag	+{COMMA}progress+{PERIOD}	%{SHIFT}+{COMMA}progress+{PERIOD}%{SHIFT}
tag_progress_close	specific_html_tag	</progress>	Types the end of 'progress' tag	+{COMMA}{SLASH}progress+{PERIOD}	%{SHIFT}+{COMMA}{SLASH}progress+{PERIOD}%{SHIFT}
tag_q_begin	specific_html_tag	<q	Types the beginning of 'q' tag	+{COMMA}q	%{SHIFT}+{COMMA}q%{SHIFT}
tag_q_start	specific_html_tag	<q>	Types the start of 'q' tag	+{COMMA}q+{PERIOD}	%{SHIFT}+{COMMA}q+{PERIOD}%{SHIFT}
tag_q_close	specific_html_tag	</q>	Types the end of 'q' tag	+{COMMA}{SLASH}q+{PERIOD}	%{SHIFT}+{COMMA}{SLASH}q+{PERIOD}%{SHIFT}
tag_rp_begin	specific_html_tag	<rp	Types the beginning of 'rp' tag	+{COMMA}rp	%{SHIFT}+{COMMA}rp%{SHIFT}
tag_rp_start	specific_html_tag	<rp>	Types the start of 'rp' tag	+{COMMA}rp+{PERIOD}	%{SHIFT}+{COMMA}rp+{PERIOD}%{SHIFT}
tag_rp_close	specific_html_tag	</rp>	Types the end of 'rp' tag	+{COMMA}{SLASH}rp+{PERIOD}	%{SHIFT}+{COMMA}{SLASH}rp+{PERIOD}%{SHIFT}
tag_rt_begin	specific_html_tag	<rt	Types the beginning of 'rt' tag	+{COMMA}rt	%{SHIFT}+{COMMA}rt%{SHIFT}
tag_rt_start	specific_html_tag	<rt>	Types the start of 'rt' tag	+{COMMA}rt+{PERIOD}	%{SHIFT}+{COMMA}rt+{PERIOD}%{SHIFT}
tag_rt_close	specific_html_tag	</rt>	Types the end of 'rt' tag	+{COMMA}{SLASH}rt+{PERIOD}	%{SHIFT}+{COMMA}{SLASH}rt+{PERIOD}%{SHIFT}
tag_ruby_begin	specific_html_tag	<ruby	Types the beginning of 'ruby' tag	+{COMMA}ruby	%{SHIFT}+{COMMA}ruby%{SHIFT}
tag_ruby_start	specific_html_tag	<ruby>	Types the start of 'ruby' tag	+{COMMA}ruby+{PERIOD}	%{SHIFT}+{COMMA}ruby+{PERIOD}%{SHIFT}
tag_ruby_close	specific_html_tag	</ruby>	Types the end of 'ruby' tag	+{COMMA}{SLASH}ruby+{PERIOD}	%{SHIFT}+{COMMA}{SLASH}ruby+{PERIOD}%{SHIFT}
tag_s_begin	specific_html_tag	<s	Types the beginning of 's' tag	+{COMMA}s	%{SHIFT}+{COMMA}s%{SHIFT}
tag_s_start	specific_html_tag	<s>	Types the start of 's' tag	+{COMMA}s+{PERIOD}	%{SHIFT}+{COMMA}s+{PERIOD}%{SHIFT}
tag_s_close	specific_html_tag	</s>	Types the end of 's' tag	+{COMMA}{SLASH}s+{PERIOD}	%{SHIFT}+{COMMA}{SLASH}s+{PERIOD}%{SHIFT}
tag_samp_begin	specific_html_tag	<samp	Types the beginning of 'samp' tag	+{COMMA}samp	%{SHIFT}+{COMMA}samp%{SHIFT}
tag_samp_start	specific_html_tag	<samp>	Types the start of 'samp' tag	+{COMMA}samp+{PERIOD}	%{SHIFT}+{COMMA}samp+{PERIOD}%{SHIFT}
tag_samp_close	specific_html_tag	</samp>	Types the end of 'samp' tag	+{COMMA}{SLASH}samp+{PERIOD}	%{SHIFT}+{COMMA}{SLASH}samp+{PERIOD}%{SHIFT}
tag_script_begin	specific_html_tag	<script	Types the beginning of 'script' tag	+{COMMA}script	%{SHIFT}+{COMMA}script%{SHIFT}
tag_script_start	specific_html_tag	<script>	Types the start of 'script' tag	+{COMMA}script+{PERIOD}	%{SHIFT}+{COMMA}script+{PERIOD}%{SHIFT}
tag_script_close	specific_html_tag	</script>	Types the end of 'script' tag	+{COMMA}{SLASH}script+{PERIOD}	%{SHIFT}+{COMMA}{SLASH}script+{PERIOD}%{SHIFT}
tag_section_begin	specific_html_tag	<section	Types the beginning of 'section' tag	+{COMMA}section	%{SHIFT}+{COMMA}section%{SHIFT}
tag_section_start	specific_html_tag	<section>	Types the start of 'section' tag	+{COMMA}section+{PERIOD}	%{SHIFT}+{COMMA}section+{PERIOD}%{SHIFT}
tag_section_close	specific_html_tag	</section>	Types the end of 'section' tag	+{COMMA}{SLASH}section+{PERIOD}	%{SHIFT}+{COMMA}{SLASH}section+{PERIOD}%{SHIFT}
tag_select_begin	specific_html_tag	<select	Types the beginning of 'select' tag	+{COMMA}select	%{SHIFT}+{COMMA}select%{SHIFT}
tag_select_start	specific_html_tag	<select>	Types the start of 'select' tag	+{COMMA}select+{PERIOD}	%{SHIFT}+{COMMA}select+{PERIOD}%{SHIFT}
tag_select_close	specific_html_tag	</select>	Types the end of 'select' tag	+{COMMA}{SLASH}select+{PERIOD}	%{SHIFT}+{COMMA}{SLASH}select+{PERIOD}%{SHIFT}
tag_small_begin	specific_html_tag	<small	Types the beginning of 'small' tag	+{COMMA}small	%{SHIFT}+{COMMA}small%{SHIFT}
tag_small_start	specific_html_tag	<small>	Types the start of 'small' tag	+{COMMA}small+{PERIOD}	%{SHIFT}+{COMMA}small+{PERIOD}%{SHIFT}
tag_small_close	specific_html_tag	</small>	Types the end of 'small' tag	+{COMMA}{SLASH}small+{PERIOD}	%{SHIFT}+{COMMA}{SLASH}small+{PERIOD}%{SHIFT}
voidTag_source_begin	specific_html_tag	<source	Types the beginning of 'source' tag	+{COMMA}source	%{SHIFT}+{COMMA}source%{SHIFT}
voidTag_source_def	specific_html_tag	<source/>	Types the whole 'source' tag	+{COMMA}source{SLASH}+{PERIOD}	%{SHIFT}+{COMMA}source{SLASH}+{PERIOD}%{SHIFT}
tag_span_begin	specific_html_tag	<span	Types the beginning of 'span' tag	+{COMMA}span	%{SHIFT}+{COMMA}span%{SHIFT}
tag_span_start	specific_html_tag	<span>	Types the start of 'span' tag	+{COMMA}span+{PERIOD}	%{SHIFT}+{COMMA}span+{PERIOD}%{SHIFT}
tag_span_close	specific_html_tag	</span>	Types the end of 'span' tag	+{COMMA}{SLASH}span+{PERIOD}	%{SHIFT}+{COMMA}{SLASH}span+{PERIOD}%{SHIFT}
tag_strong_begin	specific_html_tag	<strong	Types the beginning of 'strong' tag	+{COMMA}strong	%{SHIFT}+{COMMA}strong%{SHIFT}
tag_strong_start	specific_html_tag	<strong>	Types the start of 'strong' tag	+{COMMA}strong+{PERIOD}	%{SHIFT}+{COMMA}strong+{PERIOD}%{SHIFT}
tag_strong_close	specific_html_tag	</strong>	Types the end of 'strong' tag	+{COMMA}{SLASH}strong+{PERIOD}	%{SHIFT}+{COMMA}{SLASH}strong+{PERIOD}%{SHIFT}
tag_style_begin	specific_html_tag	<style	Types the beginning of 'style' tag	+{COMMA}style	%{SHIFT}+{COMMA}style%{SHIFT}
tag_style_start	specific_html_tag	<style>	Types the start of 'style' tag	+{COMMA}style+{PERIOD}	%{SHIFT}+{COMMA}style+{PERIOD}%{SHIFT}
tag_style_close	specific_html_tag	</style>	Types the end of 'style' tag	+{COMMA}{SLASH}style+{PERIOD}	%{SHIFT}+{COMMA}{SLASH}style+{PERIOD}%{SHIFT}
tag_sub_begin	specific_html_tag	<sub	Types the beginning of 'sub' tag	+{COMMA}sub	%{SHIFT}+{COMMA}sub%{SHIFT}
tag_sub_start	specific_html_tag	<sub>	Types the start of 'sub' tag	+{COMMA}sub+{PERIOD}	%{SHIFT}+{COMMA}sub+{PERIOD}%{SHIFT}
tag_sub_close	specific_html_tag	</sub>	Types the end of 'sub' tag	+{COMMA}{SLASH}sub+{PERIOD}	%{SHIFT}+{COMMA}{SLASH}sub+{PERIOD}%{SHIFT}
tag_summary_begin	specific_html_tag	<summary	Types the beginning of 'summary' tag	+{COMMA}summary	%{SHIFT}+{COMMA}summary%{SHIFT}
tag_summary_start	specific_html_tag	<summary>	Types the start of 'summary' tag	+{COMMA}summary+{PERIOD}	%{SHIFT}+{COMMA}summary+{PERIOD}%{SHIFT}
tag_summary_close	specific_html_tag	</summary>	Types the end of 'summary' tag	+{COMMA}{SLASH}summary+{PERIOD}	%{SHIFT}+{COMMA}{SLASH}summary+{PERIOD}%{SHIFT}
tag_sup_begin	specific_html_tag	<sup	Types the beginning of 'sup' tag	+{COMMA}sup	%{SHIFT}+{COMMA}sup%{SHIFT}
tag_sup_start	specific_html_tag	<sup>	Types the start of 'sup' tag	+{COMMA}sup+{PERIOD}	%{SHIFT}+{COMMA}sup+{PERIOD}%{SHIFT}
tag_sup_close	specific_html_tag	</sup>	Types the end of 'sup' tag	+{COMMA}{SLASH}sup+{PERIOD}	%{SHIFT}+{COMMA}{SLASH}sup+{PERIOD}%{SHIFT}
tag_table_begin	specific_html_tag	<table	Types the beginning of 'table' tag	+{COMMA}table	%{SHIFT}+{COMMA}table%{SHIFT}
tag_table_start	specific_html_tag	<table>	Types the start of 'table' tag	+{COMMA}table+{PERIOD}	%{SHIFT}+{COMMA}table+{PERIOD}%{SHIFT}
tag_table_close	specific_html_tag	</table>	Types the end of 'table' tag	+{COMMA}{SLASH}table+{PERIOD}	%{SHIFT}+{COMMA}{SLASH}table+{PERIOD}%{SHIFT}
tag_tbody_begin	specific_html_tag	<tbody	Types the beginning of 'tbody' tag	+{COMMA}tbody	%{SHIFT}+{COMMA}tbody%{SHIFT}
tag_tbody_start	specific_html_tag	<tbody>	Types the start of 'tbody' tag	+{COMMA}tbody+{PERIOD}	%{SHIFT}+{COMMA}tbody+{PERIOD}%{SHIFT}
tag_tbody_close	specific_html_tag	</tbody>	Types the end of 'tbody' tag	+{COMMA}{SLASH}tbody+{PERIOD}	%{SHIFT}+{COMMA}{SLASH}tbody+{PERIOD}%{SHIFT}
tag_td_begin	specific_html_tag	<td	Types the beginning of 'td' tag	+{COMMA}td	%{SHIFT}+{COMMA}td%{SHIFT}
tag_td_start	specific_html_tag	<td>	Types the start of 'td' tag	+{COMMA}td+{PERIOD}	%{SHIFT}+{COMMA}td+{PERIOD}%{SHIFT}
tag_td_close	specific_html_tag	</td>	Types the end of 'td' tag	+{COMMA}{SLASH}td+{PERIOD}	%{SHIFT}+{COMMA}{SLASH}td+{PERIOD}%{SHIFT}
tag_textarea_begin	specific_html_tag	<textarea	Types the beginning of 'textarea' tag	+{COMMA}textarea	%{SHIFT}+{COMMA}textarea%{SHIFT}
tag_textarea_start	specific_html_tag	<textarea>	Types the start of 'textarea' tag	+{COMMA}textarea+{PERIOD}	%{SHIFT}+{COMMA}textarea+{PERIOD}%{SHIFT}
tag_textarea_close	specific_html_tag	</textarea>	Types the end of 'textarea' tag	+{COMMA}{SLASH}textarea+{PERIOD}	%{SHIFT}+{COMMA}{SLASH}textarea+{PERIOD}%{SHIFT}
tag_tfoot_begin	specific_html_tag	<tfoot	Types the beginning of 'tfoot' tag	+{COMMA}tfoot	%{SHIFT}+{COMMA}tfoot%{SHIFT}
tag_tfoot_start	specific_html_tag	<tfoot>	Types the start of 'tfoot' tag	+{COMMA}tfoot+{PERIOD}	%{SHIFT}+{COMMA}tfoot+{PERIOD}%{SHIFT}
tag_tfoot_close	specific_html_tag	</tfoot>	Types the end of 'tfoot' tag	+{COMMA}{SLASH}tfoot+{PERIOD}	%{SHIFT}+{COMMA}{SLASH}tfoot+{PERIOD}%{SHIFT}
tag_th_begin	specific_html_tag	<th	Types the beginning of 'th' tag	+{COMMA}th	%{SHIFT}+{COMMA}th%{SHIFT}
tag_th_start	specific_html_tag	<th>	Types the start of 'th' tag	+{COMMA}th+{PERIOD}	%{SHIFT}+{COMMA}th+{PERIOD}%{SHIFT}
tag_th_close	specific_html_tag	</th>	Types the end of 'th' tag	+{COMMA}{SLASH}th+{PERIOD}	%{SHIFT}+{COMMA}{SLASH}th+{PERIOD}%{SHIFT}
tag_thead_begin	specific_html_tag	<thead	Types the beginning of 'thead' tag	+{COMMA}thead	%{SHIFT}+{COMMA}thead%{SHIFT}
tag_thead_start	specific_html_tag	<thead>	Types the start of 'thead' tag	+{COMMA}thead+{PERIOD}	%{SHIFT}+{COMMA}thead+{PERIOD}%{SHIFT}
tag_thead_close	specific_html_tag	</thead>	Types the end of 'thead' tag	+{COMMA}{SLASH}thead+{PERIOD}	%{SHIFT}+{COMMA}{SLASH}thead+{PERIOD}%{SHIFT}
tag_time_begin	specific_html_tag	<time	Types the beginning of 'time' tag	+{COMMA}time	%{SHIFT}+{COMMA}time%{SHIFT}
tag_time_start	specific_html_tag	<time>	Types the start of 'time' tag	+{COMMA}time+{PERIOD}	%{SHIFT}+{COMMA}time+{PERIOD}%{SHIFT}
tag_time_close	specific_html_tag	</time>	Types the end of 'time' tag	+{COMMA}{SLASH}time+{PERIOD}	%{SHIFT}+{COMMA}{SLASH}time+{PERIOD}%{SHIFT}
tag_title_begin	specific_html_tag	<title	Types the beginning of 'title' tag	+{COMMA}title	%{SHIFT}+{COMMA}title%{SHIFT}
tag_title_start	specific_html_tag	<title>	Types the start of 'title' tag	+{COMMA}title+{PERIOD}	%{SHIFT}+{COMMA}title+{PERIOD}%{SHIFT}
tag_title_close	specific_html_tag	</title>	Types the end of 'title' tag	+{COMMA}{SLASH}title+{PERIOD}	%{SHIFT}+{COMMA}{SLASH}title+{PERIOD}%{SHIFT}
tag_tr_begin	specific_html_tag	<tr	Types the beginning of 'tr' tag	+{COMMA}tr	%{SHIFT}+{COMMA}tr%{SHIFT}
tag_tr_start	specific_html_tag	<tr>	Types the start of 'tr' tag	+{COMMA}tr+{PERIOD}	%{SHIFT}+{COMMA}tr+{PERIOD}%{SHIFT}
tag_tr_close	specific_html_tag	</tr>	Types the end of 'tr' tag	+{COMMA}{SLASH}tr+{PERIOD}	%{SHIFT}+{COMMA}{SLASH}tr+{PERIOD}%{SHIFT}
tag_track_begin	specific_html_tag	<track	Types the beginning of 'track' tag	+{COMMA}track	%{SHIFT}+{COMMA}track%{SHIFT}
tag_track_start	specific_html_tag	<track>	Types the start of 'track' tag	+{COMMA}track+{PERIOD}	%{SHIFT}+{COMMA}track+{PERIOD}%{SHIFT}
tag_track_close	specific_html_tag	</track>	Types the end of 'track' tag	+{COMMA}{SLASH}track+{PERIOD}	%{SHIFT}+{COMMA}{SLASH}track+{PERIOD}%{SHIFT}
tag_u_begin	specific_html_tag	<u	Types the beginning of 'u' tag	+{COMMA}u	%{SHIFT}+{COMMA}u%{SHIFT}
tag_u_start	specific_html_tag	<u>	Types the start of 'u' tag	+{COMMA}u+{PERIOD}	%{SHIFT}+{COMMA}u+{PERIOD}%{SHIFT}
tag_u_close	specific_html_tag	</u>	Types the end of 'u' tag	+{COMMA}{SLASH}u+{PERIOD}	%{SHIFT}+{COMMA}{SLASH}u+{PERIOD}%{SHIFT}
tag_ul_begin	specific_html_tag	<ul	Types the beginning of 'ul' tag	+{COMMA}ul	%{SHIFT}+{COMMA}ul%{SHIFT}
tag_ul_start	specific_html_tag	<ul>	Types the start of 'ul' tag	+{COMMA}ul+{PERIOD}	%{SHIFT}+{COMMA}ul+{PERIOD}%{SHIFT}
tag_ul_close	specific_html_tag	</ul>	Types the end of 'ul' tag	+{COMMA}{SLASH}ul+{PERIOD}	%{SHIFT}+{COMMA}{SLASH}ul+{PERIOD}%{SHIFT}
tag_var_begin	specific_html_tag	<var	Types the beginning of 'var' tag	+{COMMA}var	%{SHIFT}+{COMMA}var%{SHIFT}
tag_var_start	specific_html_tag	<var>	Types the start of 'var' tag	+{COMMA}var+{PERIOD}	%{SHIFT}+{COMMA}var+{PERIOD}%{SHIFT}
tag_var_close	specific_html_tag	</var>	Types the end of 'var' tag	+{COMMA}{SLASH}var+{PERIOD}	%{SHIFT}+{COMMA}{SLASH}var+{PERIOD}%{SHIFT}
tag_video_begin	specific_html_tag	<video	Types the beginning of 'video' tag	+{COMMA}video	%{SHIFT}+{COMMA}video%{SHIFT}
tag_video_start	specific_html_tag	<video>	Types the start of 'video' tag	+{COMMA}video+{PERIOD}	%{SHIFT}+{COMMA}video+{PERIOD}%{SHIFT}
tag_video_close	specific_html_tag	</video>	Types the end of 'video' tag	+{COMMA}{SLASH}video+{PERIOD}	%{SHIFT}+{COMMA}{SLASH}video+{PERIOD}%{SHIFT}
tag_wbr_begin	specific_html_tag	<wbr	Types the beginning of 'wbr' tag	+{COMMA}wbr	%{SHIFT}+{COMMA}wbr%{SHIFT}
tag_wbr_start	specific_html_tag	<wbr>	Types the start of 'wbr' tag	+{COMMA}wbr+{PERIOD}	%{SHIFT}+{COMMA}wbr+{PERIOD}%{SHIFT}
tag_wbr_close	specific_html_tag	</wbr>	Types the end of 'wbr' tag	+{COMMA}{SLASH}wbr+{PERIOD}	%{SHIFT}+{COMMA}{SLASH}wbr+{PERIOD}%{SHIFT}
attr_decl_alt	attribute_declaration	alt=""	types a declaration for attribute 'alt'	{SPACE}alt{EQUAL}+{'}+{'}	%{SHIFT}{SPACE}alt{EQUAL}+{'}+{'}%{SHIFT}
attr_decl_disabled	attribute_declaration	disabled=""	types a declaration for attribute 'disabled'	{SPACE}disabled{EQUAL}+{'}+{'}	%{SHIFT}{SPACE}disabled{EQUAL}+{'}+{'}%{SHIFT}
attr_decl_href	attribute_declaration	href=""	types a declaration for attribute 'href'	{SPACE}href{EQUAL}+{'}+{'}	%{SHIFT}{SPACE}href{EQUAL}+{'}+{'}%{SHIFT}
attr_decl_id	attribute_declaration	id=""	types a declaration for attribute 'id'	{SPACE}id{EQUAL}+{'}+{'}	%{SHIFT}{SPACE}id{EQUAL}+{'}+{'}%{SHIFT}
attr_decl_src	attribute_declaration	src=""	types a declaration for attribute 'src'	{SPACE}src{EQUAL}+{'}+{'}	%{SHIFT}{SPACE}src{EQUAL}+{'}+{'}%{SHIFT}
attr_decl_style	attribute_declaration	style=""	types a declaration for attribute 'style'	{SPACE}style{EQUAL}+{'}+{'}	%{SHIFT}{SPACE}style{EQUAL}+{'}+{'}%{SHIFT}
attr_decl_title	attribute_declaration	title=""	types a declaration for attribute 'title'	{SPACE}title{EQUAL}+{'}+{'}	%{SHIFT}{SPACE}title{EQUAL}+{'}+{'}%{SHIFT}
